{"val_per_item": [[0.9888613224029541, 0.15781377255916595, 0.012323063798248768], [0.9887130856513977, 0.2700119614601135, 0.010567550547420979], [0.9896819591522217, 0.3141535222530365, 0.0], [0.9893604516983032, 0.27947208285331726, 0.0], [0.9801862835884094, 0.599461555480957, 0.0], [0.9802360534667969, 0.6873962879180908, 0.034633930772542953], [0.9828722476959229, 0.7542394399642944, 0.34437087178230286], [0.982985258102417, 0.7530333995819092, 0.2912142276763916], [0.9893366098403931, 0.8044984936714172, 0.22611744701862335], [0.9884412884712219, 0.7615059614181519, 0.23327895998954773], [0.9797587394714355, 0.3005635440349579, 0.0], [0.9815282225608826, 0.3328496813774109, 0.2874999940395355], [0.9798979163169861, 0.23232167959213257, 0.256038635969162], [0.9841066002845764, 0.4342472553253174, 0.5594149827957153], [0.9958374500274658, 0.7663916349411011, 0.0], [0.9960552453994751, 0.7713156342506409, 0.0], [0.9943281412124634, 0.5122795701026917, 0.0], [0.986838698387146, 0.5750746130943298, 1.0], [0.9896000623703003, 0.7174251675605774, 1.0], [0.9907135963439941, 0.7343927621841431, 0.0]], "test_per_item": [[0.9894540905952454, 0.42804017663002014, 0.4002879858016968], [0.987656831741333, 0.4614371657371521, 0.2545696198940277], [0.9885087609291077, 0.5715732574462891, 0.27277570962905884], [0.9935485124588013, 0.44282710552215576, 0.732824444770813], [0.992676317691803, 0.38945361971855164, 0.8515406250953674], [0.9930720329284668, 0.43894439935684204, 0.26459142565727234], [0.9773733615875244, 0.6254385113716125, 0.15018200874328613], [0.9817273616790771, 0.5940213799476624, 0.2322242110967636], [0.9824045896530151, 0.5927528142929077, 0.3290301263332367], [0.9820663332939148, 0.6076794862747192, 0.2648325562477112], [0.983131468296051, 0.7336705327033997, 0.33222338557243347], [0.9840408563613892, 0.7577415704727173, 0.30493274331092834], [0.983402669429779, 0.7251888513565063, 0.2963671088218689], [0.9857666492462158, 0.5687289237976074, 0.2332950085401535], [0.9855642914772034, 0.6744046807289124, 0.35700157284736633], [0.9881512522697449, 0.7857160568237305, 0.48293063044548035], [0.9873448014259338, 0.6548515558242798, 0.3442623019218445], [0.9878839254379272, 0.3425382077693939, 0.1605534851551056], [0.9860733151435852, 0.33652982115745544, 0.15684917569160461], [0.985081672668457, 0.44903039932250977, 0.1882496029138565], [0.9955461025238037, 0.7243943214416504, 1.0], [0.9961010217666626, 0.7327272891998291, 0.0], [0.9928277134895325, 0.6343446373939514, 1.0], [0.9921038150787354, 0.6315789222717285, 1.0], [0.9875762462615967, 0.520866334438324, 1.0], [0.98732990026474, 0.5307809710502625, 0.0], [0.9862527251243591, 0.5624295473098755, 1.0], [0.9841073751449585, 0.5130062103271484, 1.0], [0.9840878844261169, 0.523407518863678, 1.0], [0.9921038150787354, 0.6315789222717285, 1.0], [0.9971917271614075, 0.38912931084632874, 0.17860852181911469], [0.995695173740387, 0.34718456864356995, 0.23816156387329102], [0.9950865507125854, 0.42814901471138, 0.0], [0.9955562949180603, 0.4901517629623413, 0.0], [0.9898242354393005, 0.797406792640686, 0.6033293008804321], [0.9902298450469971, 0.8178708553314209, 0.5481049418449402], [0.9881799221038818, 0.7937572598457336, 0.6813088059425354], [0.9859270453453064, 0.840274453163147, 0.4249291718006134], [0.9837257862091064, 0.7794800400733948, 0.0], [0.9849402904510498, 0.7984805107116699, 0.0]], "val_IDs": ["val_longciu_20", "val_longciu_21", "val_longciu_22", "val_longciu_23", "val_longciu_24", "val_longciu_25", "val_longciu_26", "val_longciu_27", "val_longciu_28", "val_longciu_29", "val_longciu_30", "val_longciu_31", "val_longciu_32", "val_longciu_33", "val_longciu_34", "val_longciu_35", "val_longciu_36", "val_longciu_37", "val_longciu_38", "val_longciu_39"], "test_IDs": ["test_longciu_0", "test_longciu_1", "test_longciu_2", "test_longciu_3", "test_longciu_4", "test_longciu_5", "test_longciu_6", "test_longciu_7", "test_longciu_8", "test_longciu_9", "test_longciu_40", "test_longciu_41", "test_longciu_42", "test_longciu_43", "test_longciu_44", "test_longciu_45", "test_longciu_46", "test_longciu_47", "test_longciu_48", "test_longciu_49", "test_longciu_60", "test_longciu_61", "test_longciu_62", "test_longciu_63", "test_longciu_64", "test_longciu_65", "test_longciu_66", "test_longciu_67", "test_longciu_68", "test_longciu_69", "test_longciu_80", "test_longciu_81", "test_longciu_82", "test_longciu_83", "test_longciu_84", "test_longciu_85", "test_longciu_86", "test_longciu_87", "test_longciu_88", "test_longciu_89"], 
"val_mean": [0.9869669675827026, 0.5379223823547363, 0.21277299523353577], "val_std": [0.005269463174045086, 0.22424611449241638, 0.31339552998542786], 
"test_mean": [0.9882330894470215, 0.5916891694068909, 0.4320991635322571], "test_std": [0.004767929669469595, 0.14926964044570923, 0.3481273353099823]}