{"val_per_item": [[0.9887473583221436, 0.6749770641326904, 0.0], [0.9888566732406616, 0.6766554117202759, 0.0], [0.9900782704353333, 0.7239772081375122, 0.0], [0.99041348695755, 0.7295948266983032, 0.0], [0.9755423665046692, 0.6109132766723633, 0.0], [0.9727863669395447, 0.5513184666633606, 0.0], [0.9718552827835083, 0.5491500496864319, 0.0], [0.9734318256378174, 0.5820875763893127, 0.0], [0.9708240628242493, 0.5461609959602356, 0.13296903669834137], [0.9702289700508118, 0.516611635684967, 0.040816325694322586], [0.9782782196998596, 0.5937812924385071, 0.0], [0.9811467528343201, 0.6385084390640259, 0.0], [0.9812570214271545, 0.6526813507080078, 0.0], [0.979511559009552, 0.6085813045501709, 0.0], [0.9791851043701172, 0.39780333638191223, 0.0], [0.9796651005744934, 0.36995214223861694, 0.0], [0.9801663160324097, 0.373012900352478, 0.0], [0.975041389465332, 0.555535614490509, 0.0], [0.9733423590660095, 0.5239852666854858, 0.0], [0.9715951085090637, 0.4739643335342407, 0.0]], "test_per_item": [[0.9480563998222351, 0.27816590666770935, 0.0], [0.9459967613220215, 0.2921328544616699, 0.00243111839517951], [0.9494721293449402, 0.32981446385383606, 0.0], [0.9505844116210938, 0.23505233228206635, 0.3216783106327057], [0.9522424340248108, 0.2612623870372772, 0.3346613645553589], [0.9528158903121948, 0.25789979100227356, 0.1549815535545349], [0.9641230702400208, 0.35717207193374634, 0.0], [0.9665725827217102, 0.3849765360355377, 0.0], [0.9681398272514343, 0.4162076413631439, 0.007677542977035046], [0.9672609567642212, 0.38408970832824707, 0.012077294290065765], [0.9575523138046265, 0.3884069323539734, 0.0], [0.9558760523796082, 0.36575523018836975, 0.005251640919595957], [0.9568530321121216, 0.37268298864364624, 0.0], [0.9534803628921509, 0.299299955368042, 0.0], [0.9599721431732178, 0.39745157957077026, 0.0], [0.9567916989326477, 0.37519708275794983, 0.0], [0.9556713700294495, 0.30588236451148987, 0.0], [0.9576377868652344, 0.23750345408916473, 0.0], [0.9604043364524841, 0.29220959544181824, 0.021836228668689728], [0.9614689946174622, 0.31039246916770935, 0.0], [0.9708876609802246, 0.341643750667572, 0.0], [0.9713076949119568, 0.3370889723300934, 0.0], [0.9701762795448303, 0.34024345874786377, 0.0], [0.9718500971794128, 0.3866817355155945, 0.0], [0.9754478335380554, 0.5685794353485107, 0.0], [0.9754590392112732, 0.5772102475166321, 0.0], [0.9790685772895813, 0.6577636003494263, 0.0], [0.9790672659873962, 0.672007143497467, 0.0], [0.9789994359016418, 0.6803841590881348, 0.0], [0.9718500971794128, 0.3866817355155945, 0.0], [0.9914214015007019, 0.5697016716003418, 0.14953270554542542], [0.9904559850692749, 0.5271098613739014, 0.13664595782756805], [0.9906638860702515, 0.6236969828605652, 0.0], [0.9913075566291809, 0.6709265112876892, 0.0], [0.9811497330665588, 0.7057473659515381, 0.0361216738820076], [0.9807244539260864, 0.7192156314849854, 0.06374502182006836], [0.9777405858039856, 0.6740475296974182, 0.10149750113487244], [0.9795427322387695, 0.7510007619857788, 0.0], [0.9852123260498047, 0.7754383683204651, 1.0], [0.9842026233673096, 0.7700296640396118, 1.0]], "val_IDs": ["val_longciu_20", "val_longciu_21", "val_longciu_22", "val_longciu_23", "val_longciu_24", "val_longciu_25", "val_longciu_26", "val_longciu_27", "val_longciu_28", "val_longciu_29", "val_longciu_30", "val_longciu_31", "val_longciu_32", "val_longciu_33", "val_longciu_34", "val_longciu_35", "val_longciu_36", "val_longciu_37", "val_longciu_38", "val_longciu_39"], "test_IDs": ["test_longciu_0", "test_longciu_1", "test_longciu_2", "test_longciu_3", "test_longciu_4", "test_longciu_5", "test_longciu_6", "test_longciu_7", "test_longciu_8", "test_longciu_9", "test_longciu_40", "test_longciu_41", "test_longciu_42", "test_longciu_43", "test_longciu_44", "test_longciu_45", "test_longciu_46", "test_longciu_47", "test_longciu_48", "test_longciu_49", "test_longciu_60", "test_longciu_61", "test_longciu_62", "test_longciu_63", "test_longciu_64", "test_longciu_65", "test_longciu_66", "test_longciu_67", "test_longciu_68", "test_longciu_69", "test_longciu_80", "test_longciu_81", "test_longciu_82", "test_longciu_83", "test_longciu_84", "test_longciu_85", "test_longciu_86", "test_longciu_87", "test_longciu_88", "test_longciu_89"], 
"val_mean": [0.9785976409912109, 0.5674626231193542, 0.008689267560839653], "val_std": [0.006621935870498419, 0.10540060698986053, 0.030639387667179108], 
"test_mean": [0.968437671661377, 0.4569188058376312, 0.08370344340801239], "test_std": [0.013321012258529663, 0.1731220930814743, 0.22739669680595398]}